{
  "results": [
    {
      "command": "Python",
      "mean": 0.6326645766400001,
      "stddev": 0.013734757574618344,
      "median": 0.63077074934,
      "user": 0.5804509699999999,
      "system": 0.026411869999999997,
      "min": 0.6143867793400001,
      "max": 0.6609669823400001,
      "times": [
        0.6460340933400001,
        0.6335310563400001,
        0.6203568863400001,
        0.6609669823400001,
        0.63822479934,
        0.62223234634,
        0.6143867793400001,
        0.65821527634,
        0.64436464734,
        0.63151525434,
        0.6201509993400001,
        0.6259583373400001,
        0.63419550834,
        0.63395032834,
        0.63002624434,
        0.61995714834,
        0.6532333073400001,
        0.6256791353400001,
        0.61637707034,
        0.62393533234
      ],
      "exit_codes": [
        0,
        0,
        0,
        0,
        0,
        0,
        0,
        0,
        0,
        0,
        0,
        0,
        0,
        0,
        0,
        0,
        0,
        0,
        0,
        0
      ]
    },
    {
      "command": "Nim",
      "mean": 0.34152157944,
      "stddev": 0.024441039204242586,
      "median": 0.32494062534,
      "user": 0.32208777000000005,
      "system": 0.01241952,
      "min": 0.31578930434,
      "max": 0.37817485434000003,
      "times": [
        0.32255956434,
        0.32732168634000003,
        0.32174085034,
        0.31648338534000003,
        0.36607071034,
        0.32124354434,
        0.37817485434000003,
        0.31894839034,
        0.37422077034,
        0.32058865534000003,
        0.36896852234,
        0.35894072434,
        0.36752898934,
        0.32014107734,
        0.36498927634,
        0.32003465334000003,
        0.31899027134,
        0.36018836134000004,
        0.31578930434,
        0.36750799734
      ],
      "exit_codes": [
        0,
        0,
        0,
        0,
        0,
        0,
        0,
        0,
        0,
        0,
        0,
        0,
        0,
        0,
        0,
        0,
        0,
        0,
        0,
        0
      ]
    },
    {
      "command": "Go",
      "mean": 0.33208697974,
      "stddev": 0.017260803511062375,
      "median": 0.33645255734,
      "user": 0.3383229199999999,
      "system": 0.03295182,
      "min": 0.29828281134,
      "max": 0.35974045434,
      "times": [
        0.30860520134,
        0.33539008434,
        0.31884224634,
        0.33219023334000003,
        0.29912674134,
        0.33617590134,
        0.30443975734,
        0.34222969834,
        0.34190500634000004,
        0.34803113234,
        0.33993872434,
        0.35974045434,
        0.35314571734,
        0.33700690534,
        0.29828281134,
        0.33485985934,
        0.33975134734,
        0.33494449334000004,
        0.33672921334,
        0.34040406634000003
      ],
      "exit_codes": [
        0,
        0,
        0,
        0,
        0,
        0,
        0,
        0,
        0,
        0,
        0,
        0,
        0,
        0,
        0,
        0,
        0,
        0,
        0,
        0
      ]
    },
    {
      "command": "Rust",
      "mean": 0.24078009394,
      "stddev": 0.009716115772302166,
      "median": 0.24180876784,
      "user": 0.21142281999999998,
      "system": 0.02166157,
      "min": 0.22287083334000002,
      "max": 0.25345446634,
      "times": [
        0.25230138634,
        0.22597883834000002,
        0.22605272334,
        0.25345446634,
        0.25192665534,
        0.24942752233999999,
        0.23973429334000002,
        0.23923511834,
        0.24989750334,
        0.24406159734000002,
        0.24262640334000002,
        0.24602421634000002,
        0.23951261034000002,
        0.24534245834,
        0.24047256434,
        0.22369266434,
        0.24099113234,
        0.22287083334000002,
        0.23387153534000002,
        0.24812735634000002
      ],
      "exit_codes": [
        0,
        0,
        0,
        0,
        0,
        0,
        0,
        0,
        0,
        0,
        0,
        0,
        0,
        0,
        0,
        0,
        0,
        0,
        0,
        0
      ]
    },
    {
      "command": "V",
      "mean": 0.35653392069000006,
      "stddev": 0.013270077226834136,
      "median": 0.35853185984,
      "user": 0.31385407,
      "system": 0.03445732,
      "min": 0.30609126634,
      "max": 0.36960218534,
      "times": [
        0.35572274734000003,
        0.35763293934,
        0.34965705434,
        0.35941149834,
        0.34633430634,
        0.36292749634000004,
        0.35614954134000004,
        0.35895210934,
        0.30609126634,
        0.35904404134,
        0.35811161034,
        0.36646564034,
        0.35731023834000003,
        0.36222677334000003,
        0.35486609934,
        0.36662190134,
        0.36287375934,
        0.36960218534,
        0.36769000934,
        0.35298719634000003
      ],
      "exit_codes": [
        0,
        0,
        0,
        0,
        0,
        0,
        0,
        0,
        0,
        0,
        0,
        0,
        0,
        0,
        0,
        0,
        0,
        0,
        0,
        0
      ]
    }
  ]
}
