{
  "results": [
    {
      "command": "Python",
      "mean": 0.805829898,
      "stddev": 0.01640246329145922,
      "median": 0.805662638,
      "user": 0.6499068199999999,
      "system": 0.028807402,
      "min": 0.782518688,
      "max": 0.8245862880000001,
      "times": [
        0.794809788,
        0.822535588,
        0.8224068880000001,
        0.811613388,
        0.785193588,
        0.794255888,
        0.820666988,
        0.799711888,
        0.8245862880000001,
        0.782518688
      ],
      "exit_codes": [
        0,
        0,
        0,
        0,
        0,
        0,
        0,
        0,
        0,
        0
      ]
    },
    {
      "command": "Nim",
      "mean": 1.529554388,
      "stddev": 0.052077025597111706,
      "median": 1.532328288,
      "user": 0.6861152199999999,
      "system": 0.051838901999999985,
      "min": 1.4184415879999999,
      "max": 1.598670588,
      "times": [
        1.560408288,
        1.563099888,
        1.5243155879999999,
        1.4184415879999999,
        1.5307574879999999,
        1.5678966879999998,
        1.533899088,
        1.5292438879999999,
        1.598670588,
        1.4688107879999999
      ],
      "exit_codes": [
        0,
        0,
        0,
        0,
        0,
        0,
        0,
        0,
        0,
        0
      ]
    },
    {
      "command": "Go",
      "mean": 0.724730568,
      "stddev": 0.016102950673560126,
      "median": 0.7254610380000001,
      "user": 0.46423391999999997,
      "system": 0.07829428000000001,
      "min": 0.7011576880000001,
      "max": 0.750988388,
      "times": [
        0.710678588,
        0.728099888,
        0.728488588,
        0.750988388,
        0.7460299880000001,
        0.7228221880000001,
        0.7011576880000001,
        0.733462088,
        0.717632488,
        0.7079457880000001
      ],
      "exit_codes": [
        0,
        0,
        0,
        0,
        0,
        0,
        0,
        0,
        0,
        0
      ]
    },
    {
      "command": "Rust",
      "mean": 0.409426048,
      "stddev": 0.009027203648995877,
      "median": 0.40732593800000005,
      "user": 0.26561682,
      "system": 0.015814546,
      "min": 0.394642888,
      "max": 0.42343378800000003,
      "times": [
        0.417620588,
        0.40789168800000003,
        0.41371498800000006,
        0.394642888,
        0.406760188,
        0.42343378800000003,
        0.40560058800000004,
        0.419072688,
        0.399078788,
        0.40644428800000004
      ],
      "exit_codes": [
        0,
        0,
        0,
        0,
        0,
        0,
        0,
        0,
        0,
        0
      ]
    }
  ]
}
