{
  "results": [
    {
      "command": "Python",
      "mean": 0.920784284,
      "stddev": 0.05720711868215645,
      "median": 0.9258981740000001,
      "user": 0.8172040199999999,
      "system": 0.032399300000000006,
      "min": 0.831211574,
      "max": 1.016142374,
      "times": [
        0.972409374,
        0.9636069740000001,
        0.939491374,
        0.941091874,
        0.899244374,
        1.016142374,
        0.831211574,
        0.849216274,
        0.883123674,
        0.912304974
      ],
      "exit_codes": [
        0,
        0,
        0,
        0,
        0,
        0,
        0,
        0,
        0,
        0
      ]
    },
    {
      "command": "Nim",
      "mean": 1.584576224,
      "stddev": 0.05252814765780867,
      "median": 1.594591174,
      "user": 0.72506552,
      "system": 0.05049811,
      "min": 1.516261574,
      "max": 1.689000774,
      "times": [
        1.689000774,
        1.604931174,
        1.595877674,
        1.521993674,
        1.516261574,
        1.606138774,
        1.622157974,
        1.5385423740000002,
        1.5575535740000002,
        1.5933046739999999
      ],
      "exit_codes": [
        0,
        0,
        0,
        0,
        0,
        0,
        0,
        0,
        0,
        0
      ]
    },
    {
      "command": "Go",
      "mean": 0.7998013440000001,
      "stddev": 0.02492096019917772,
      "median": 0.7985289740000001,
      "user": 0.64899242,
      "system": 0.07056689999999999,
      "min": 0.762892874,
      "max": 0.838188974,
      "times": [
        0.7996509740000001,
        0.836795574,
        0.789271574,
        0.804141474,
        0.796554474,
        0.838188974,
        0.762892874,
        0.765482274,
        0.797406974,
        0.807628274
      ],
      "exit_codes": [
        0,
        0,
        0,
        0,
        0,
        0,
        0,
        0,
        0,
        0
      ]
    },
    {
      "command": "Rust",
      "mean": 0.4505438540000001,
      "stddev": 0.02575350000657082,
      "median": 0.44276937400000005,
      "user": 0.30312091999999996,
      "system": 0.017364499999999998,
      "min": 0.41329797400000007,
      "max": 0.504891374,
      "times": [
        0.504891374,
        0.4782093740000001,
        0.46018387400000005,
        0.43782867400000003,
        0.41329797400000007,
        0.44441227400000005,
        0.43446257400000005,
        0.45480757400000005,
        0.4362183740000001,
        0.44112647400000005
      ],
      "exit_codes": [
        0,
        0,
        0,
        0,
        0,
        0,
        0,
        0,
        0,
        0
      ]
    }
  ]
}
