{
  "results": [
    {
      "command": "Python",
      "mean": 0.63737625858,
      "stddev": 0.008672175316024277,
      "median": 0.6351415486800001,
      "user": 0.60996366,
      "system": 0.031348459999999995,
      "min": 0.62488943168,
      "max": 0.6533347016800001,
      "times": [
        0.63922898368,
        0.63264792768,
        0.63442503768,
        0.6344559816800001,
        0.64884604368,
        0.63582711568,
        0.6533347016800001,
        0.62878890268,
        0.64131845968,
        0.62488943168
      ],
      "exit_codes": [
        0,
        0,
        0,
        0,
        0,
        0,
        0,
        0,
        0,
        0
      ]
    },
    {
      "command": "Go",
      "mean": 0.34321202448,
      "stddev": 0.0040977051526087035,
      "median": 0.34267453018,
      "user": 0.3531390599999999,
      "system": 0.038922059999999994,
      "min": 0.33776088668,
      "max": 0.35043692468,
      "times": [
        0.34284485568,
        0.33776088668,
        0.34331436068,
        0.35043692468,
        0.34811357268,
        0.34687782668,
        0.34250420468,
        0.34081749568,
        0.33900207968,
        0.34044803768
      ],
      "exit_codes": [
        0,
        0,
        0,
        0,
        0,
        0,
        0,
        0,
        0,
        0
      ]
    },
    {
      "command": "Nim",
      "mean": 0.51079667968,
      "stddev": 0.004944688395014181,
      "median": 0.51116847268,
      "user": 0.49808736,
      "system": 0.01269176,
      "min": 0.50312440668,
      "max": 0.52083051168,
      "times": [
        0.5121509386800001,
        0.51029872168,
        0.51066398468,
        0.52083051168,
        0.51167296068,
        0.51056657968,
        0.5123970316800001,
        0.50361348068,
        0.5126481806800001,
        0.50312440668
      ],
      "exit_codes": [
        0,
        0,
        0,
        0,
        0,
        0,
        0,
        0,
        0,
        0
      ]
    },
    {
      "command": "Rust",
      "mean": 0.23872687043000004,
      "stddev": 0.0012337269614471674,
      "median": 0.23845385918,
      "user": 0.22079484333333332,
      "system": 0.017891759999999996,
      "min": 0.23745442768000002,
      "max": 0.24163693168000003,
      "times": [
        0.23819611868,
        0.24163693168000003,
        0.23773122568000002,
        0.23748657768000003,
        0.24034317568000002,
        0.23800623668,
        0.23936278268000002,
        0.23871159968000003,
        0.23745442768000002,
        0.23876477868,
        0.23818579968000003,
        0.23884279068000003
      ],
      "exit_codes": [
        0,
        0,
        0,
        0,
        0,
        0,
        0,
        0,
        0,
        0,
        0,
        0
      ]
    }
  ]
}
